{"cameraMode":{"drawMode":0,"name":"Shaded","section":"Shading Mode"},"sceneLighting":true,"audioPlay":false,"sceneViewState":{"m_AlwaysRefresh":false,"showFog":true,"showSkybox":true,"showFlares":true,"showImageEffects":true,"showParticleSystems":true,"showVisualEffectGraphs":true,"m_FxEnabled":true},"in2DMode":false,"pivot":{"x":0.035372037440538409,"y":-2.3691749572753908,"z":5.953083515167236},"rotation":{"x":-0.2577733099460602,"y":0.06428883969783783,"z":-0.017192399129271508,"w":-0.9639111161231995},"size":10.449999809265137,"orthographic":false}